sender,recipient,timestamp
user5@example.com,user6@example.com,2024-07-19 16:28:52
user2@example.com,user6@example.com,2024-11-02 21:13:59
user10@example.com,user9@example.com,2024-10-04 08:42:31
user5@example.com,user9@example.com,2024-09-01 11:59:27
user3@example.com,user10@example.com,2024-08-15 05:36:58
user10@example.com,user3@example.com,2024-10-29 14:02:11
user4@example.com,user10@example.com,2024-07-26 03:50:39
user8@example.com,user10@example.com,2024-10-02 22:07:07
user7@example.com,user4@example.com,2024-08-05 07:48:02
user6@example.com,user3@example.com,2024-08-20 18:19:24
user7@example.com,user3@example.com,2024-10-22 13:14:37
user3@example.com,user1@example.com,2024-11-26 10:23:59
user6@example.com,user3@example.com,2024-09-28 02:32:08
user3@example.com,user6@example.com,2024-10-23 20:10:55
user3@example.com,user6@example.com,2024-08-18 16:25:47
user2@example.com,user9@example.com,2024-10-30 00:55:13
user10@example.com,user10@example.com,2024-08-07 23:12:46
user5@example.com,user7@example.com,2024-08-26 12:07:39
user9@example.com,user8@example.com,2024-09-07 17:58:51
user8@example.com,user5@example.com,2024-07-10 04:26:39
user9@example.com,user6@example.com,2024-08-04 06:36:53
user6@example.com,user8@example.com,2024-09-11 23:41:32
user10@example.com,user6@example.com,2024-07-16 19:20:17
user2@example.com,user7@example.com,2024-09-19 09:05:21
user7@example.com,user5@example.com,2024-07-23 21:08:47
user6@example.com,user4@example.com,2024-08-27 14:34:58
user4@example.com,user7@example.com,2024-07-24 18:45:29
user8@example.com,user5@example.com,2024-10-21 14:09:33
user10@example.com,user6@example.com,2024-08-31 06:02:14
user10@example.com,user4@example.com,2024-07-11 14:16:19
user2@example.com,user10@example.com,2024-10-01 20:24:48
user2@example.com,user9@example.com,2024-10-15 00:43:45
user10@example.com,user5@example.com,2024-07-14 16:47:07
user5@example.com,user5@example.com,2024-08-13 09:55:41
user3@example.com,user2@example.com,2024-09-16 05:26:58
user1@example.com,user3@example.com,2024-07-28 18:27:44
user4@example.com,user3@example.com,2024-09-09 17:38:52
user2@example.com,user8@example.com,2024-09-10 21:02:59
user4@example.com,user2@example.com,2024-08-12 01:21:16
user3@example.com,user7@example.com,2024-09-03 06:32:25
user5@example.com,user6@example.com,2024-10-16 03:43:21
user5@example.com,user5@example.com,2024-10-20 15:45:04
user9@example.com,user4@example.com,2024-08-06 08:29:54
user6@example.com,user8@example.com,2024-08-17 18:13:11
user5@example.com,user2@example.com,2024-07-30 22:10:26
user4@example.com,user2@example.com,2024-07-09 19:37:28
user3@example.com,user1@example.com,2024-11-05 09:44:50
user4@example.com,user6@example.com,2024-09-25 11:04:13
user2@example.com,user7@example.com,2024-11-14 16:15:47
user3@example.com,user9@example.com,2024-07-27 00:41:58
user8@example.com,user10@example.com,2024-09-06 17:23:18
user2@example.com,user10@example.com,2024-11-08 12:32:07
user6@example.com,user3@example.com,2024-07-21 22:50:06
user8@example.com,user4@example.com,2024-08-02 15:16:29
user6@example.com,user5@example.com,2024-10-03 10:35:41
user3@example.com,user3@example.com,2024-08-25 07:18:12
user7@example.com,user9@example.com,2024-07-12 14:29:36
user6@example.com,user2@example.com,2024-08-09 05:03:38
user5@example.com,user8@example.com,2024-09-14 08:55:09
user3@example.com,user10@example.com,2024-11-10 02:54:19
user5@example.com,user3@example.com,2024-07-17 20:24:54
user10@example.com,user8@example.com,2024-11-01 09:22:31
user8@example.com,user10@example.com,2024-09-24 17:47:19
user8@example.com,user2@example.com,2024-08-28 11:07:59
user7@example.com,user7@example.com,2024-09-20 23:09:24
user8@example.com,user5@example.com,2024-09-01 12:46:56
user3@example.com,user5@example.com,2024-09-12 10:54:32
user4@example.com,user9@example.com,2024-08-22 00:12:48
user1@example.com,user7@example.com,2024-07-31 09:36:54
user7@example.com,user5@example.com,2024-09-16 13:58:17
user4@example.com,user9@example.com,2024-11-19 06:42:39
user6@example.com,user3@example.com,2024-09-10 05:23:18
user2@example.com,user4@example.com,2024-09-01 20:49:35
user6@example.com,user3@example.com,2024-10-18 23:50:47
user10@example.com,user5@example.com,2024-10-06 14:59:01
user6@example.com,user9@example.com,2024-07-30 19:38:25
user8@example.com,user8@example.com,2024-09-22 08:16:46
user5@example.com,user4@example.com,2024-10-23 18:33:05
user2@example.com,user5@example.com,2024-11-22 01:29:53
user7@example.com,user1@example.com,2024-10-07 06:03:24
user9@example.com,user4@example.com,2024-10-25 05:47:16
user2@example.com,user6@example.com,2024-10-03 00:28:59
user6@example.com,user9@example.com,2024-08-01 04:32:57
user8@example.com,user5@example.com,2024-09-05 19:42:29
user5@example.com,user1@example.com,2024-10-29 11:28:14
user7@example.com,user9@example.com,2024-09-10 22:48:37
user4@example.com,user5@example.com,2024-11-11 01:22:15
user10@example.com,user9@example.com,2024-08-16 07:58:43
user3@example.com,user5@example.com,2024-10-31 08:29:26
user9@example.com,user2@example.com,2024-11-25 13:42:47
user5@example.com,user7@example.com,2024-08-10 06:50:52
user9@example.com,user2@example.com,2024-09-05 03:19:58
user10@example.com,user6@example.com,2024-07-28 10:12:19
user6@example.com,user6@example.com,2024-10-10 15:05:03
user8@example.com,user3@example.com,2024-09-16 02:14:35
user8@example.com,user2@example.com,2024-10-15 17:03:58
user1@example.com,user3@example.com,2024-10-12 22:05:17
user9@example.com,user2@example.com,2024-11-13 11:41:32
user10@example.com,user9@example.com,2024-07-15 16:02:48
user10@example.com,user4@example.com,2024-11-21 19:59:24
user2@example.com,user2@example.com,2024-08-17 08:31:59
user8@example.com,user9@example.com,2024-08-30 20:59:17
user9@example.com,user6@example.com,2024-11-16 07:01:28
user6@example.com,user9@example.com,2024-10-13 05:36:22
user8@example.com,user3@example.com,2024-11-07 13:45:51
user6@example.com,user1@example.com,2024-10-04 14:32:18
user4@example.com,user10@example.com,2024-08-25 04:19:56
user7@example.com,user1@example.com,2024-07-19 21:20:39
user4@example.com,user10@example.com,2024-10-08 11:53:24
user3@example.com,user7@example.com,2024-08-19 20:28:05
user1@example.com,user9@example.com,2024-07-15 08:43:18
user1@example.com,user9@example.com,2024-08-26 09:47:57
user7@example.com,user10@example.com,2024-09-22 17:22:36
user1@example.com,user5@example.com,2024-10-15 02:05:28
user10@example.com,user1@example.com,2024-08-08 06:57:04
user9@example.com,user5@example.com,2024-08-24 17:40:07
user9@example.com,user6@example.com,2024-09-14 19:30:12
user10@example.com,user6@example.com,2024-07-11 10:13:28
user8@example.com,user3@example.com,2024-10-30 04:22:44
user6@example.com,user1@example.com,2024-09-26 12:55:37
user4@example.com,user2@example.com,2024-10-24 16:37:21
user7@example.com,user7@example.com,2024-08-27 03:19:59
user8@example.com,user5@example.com,2024-10-29 07:37:12
user3@example.com,user5@example.com,2024-09-04 23:15:24
user4@example.com,user9@example.com,2024-09-13 12:58:08
user1@example.com,user7@example.com,2024-11-01 15:44:03





